"";"id_ech";"Treatment";"Site";"Sub_site";"Plot";"Samples";"Horizon_name";"Lower_sample_level";"Sample_thickness";"Wet_weight_g";"Dry_weight";"Coarse_elts_dryweight";"Fine_elts_dryweight";"Water_content";"Volume_sample.cm3";"C_percent";"Total_thickness_horizon";"Bulk_density";"C_sample_density";"QuantiteC_horizontha";"Total_thickness_OrgaMin";"Total_thickness_Organic";"C_Quantity_totalprofiltha";"C_Quantity_totalprofil_Orga_tha";"Thickness_ref";"Thickness_refcontrolmodif";"Plot_peat_thickness";"Opening_canopy";"Air_Temp_average";"positif_Water_table_level";"Water_table_level_min";"Water_table_level_max";"Water_table_level_mean";"Air_Temp";"Std_erreur_Thick_ref";"plant_group";"CoverBryo_ref_all";"CL_DENS";"CL_PENT";"DEP_SUR";"CL_DRAI";"TYPE_ECO"
"1";"109";"Control";"Temoin1";"T1";"T1P1";"T1P1 F";"F";14;13;1281,3;151,5;10,06;128,53;0,881760712;2925;0,46229;39;0,0483555555555556;0,0223542897777778;87,1817301333333;84;79;219,954137870064;168,9481608;62;79;62,575;53,54666667;10,64;35;-35;0;-17,5;NA;25;"Bryop_Feather";5,8;"B";"A";"4GA";50;"RE37"
"2";"110";"Control";"Temoin1";"T1";"T1P1";"T1P1 M";"M";45;6;808,3;118,3;0,99;117,31;0,853643449;1350;0,42315;12;0,0868962962962963;0,0367701677777778;44,1242013333333;84;79;219,954137870064;168,9481608;62;79;62,575;53,54666667;10,64;35;-35;0;-17,5;NA;25;"Bryop_Feather";5,8;"B";"A";"4GA";50;"RE37"
"3";"111";"Control";"Temoin1";"T1";"T1P1";"T1P1 H";"H";65;5;205,6;95,3;0;95,3;0,536478599;1125;0,1587;28;0,0847111111111111;0,0134436533333333;37,6422293333333;84;79;219,954137870064;168,9481608;62;79;62,575;53,54666667;10,64;35;-35;0;-17,5;NA;25;"Bryop_Feather";5,8;"B";"A";"4GA";50;"RE37"
"4";"112";"Control";"Temoin1";"T1";"T1P1";"T1P1 Min";"Min";79;5;176,4;113,2;1;112,2;0,358276644;98,125;0,089215;5;1,14343949044586;0,102011954140127;51,0059770700637;84;79;219,954137870064;168,9481608;62;79;62,575;53,54666667;10,64;35;-35;0;-17,5;NA;25;"Bryop_Feather";5,8;"B";"A";"4GA";50;"RE37"
"5";"113";"Control";"Temoin1";"T1";"T1P2";"T1P2 F";"F";6;7;881,6;62,9;5,34;57,56;0,92865245;1575;0,50267;35;0,0365460317460317;0,0183705937777778;64,2970782222222;88;83;588,909582893985;556,507966486341;62;83;57,85;63,6;10,64;41,5;-41,5;-14,5;-28;NA;25;"Bryop_Feather";5,8;"B";"A";"4GA";50;"RE37"
"6";"114";"Control";"Temoin1";"T1";"T1P2";"T1P2 M";"M";35;10;814,7;63,8;1,01;62,79;0,921688965;2250;0,50971;10;0,0279066666666667;0,0142243070666667;14,2243070666667;88;83;588,909582893985;556,507966486341;62;83;57,85;63,6;10,64;41,5;-41,5;-14,5;-28;NA;25;"Bryop_Feather";5,8;"B";"A";"4GA";50;"RE37"
"7";"115";"Control";"Temoin1";"T1";"T1P2";"T1P2 H";"H";60;5;178,4;32,2;1,16;31,04;0,819506726;98,125;0,39764;38;0,316331210191083;0,125785942420382;477,986581197452;88;83;588,909582893985;556,507966486341;62;83;57,85;63,6;10,64;41,5;-41,5;-14,5;-28;NA;25;"Bryop_Feather";5,8;"B";"A";"4GA";50;"RE37"
"8";"116";"Control";"Temoin1";"T1";"T1P2";"T1P2 Min";"Min";83;5;258,8;219,58;0;219,58;0,151545595;98,125;0,028959;5;2,23775796178344;0,0648032328152866;32,4016164076433;88;83;588,909582893985;556,507966486341;62;83;57,85;63,6;10,64;41,5;-41,5;-14,5;-28;NA;25;"Bryop_Feather";5,8;"B";"A";"4GA";50;"RE37"
"9";"117";"Control";"Temoin1";"T1";"T1P3";"T1P3 F";"F";10;4;805,8;137,2;5,89;131,31;0,829734425;900;0,47319;23;0,1459;0,069038421;158,7883683;79;74;722,665372511935;677,02226423168;62;74;63,025;52,51;10,64;35;-35;-16,5;-25,75;14,24856322;25;"Bryop_Feather";5,8;"B";"A";"4GA";50;"RE37"
"10";"118";"Control";"Temoin1";"T1";"T1P3";"T1P3 M";"M";23;9;1290,8;161,4;11,43;149,97;0,874961264;2025;0,45202;9;0,0740592592592593;0,0334762663703704;30,1286397333333;79;74;722,665372511935;677,02226423168;62;74;63,025;52,51;10,64;35;-35;-16,5;-25,75;14,24856322;25;"Bryop_Feather";5,8;"B";"A";"4GA";50;"RE37"
"11";"119";"Control";"Temoin1";"T1";"T1P3";"T1P3 H";"H";47;5;165,1;62,8;0;62,8;0,61962447;118,73125;0,21972;42;0,528925619834711;0,116215537190083;488,105256198347;79;74;722,665372511935;677,02226423168;62;74;63,025;52,51;10,64;35;-35;-16,5;-25,75;14,24856322;25;"Bryop_Feather";5,8;"B";"A";"4GA";50;"RE37"
"12";"120";"Control";"Temoin1";"T1";"T1P3";"T1P3 Min";"Min";74;5;189,7;149,6;61;88,6;0,2113864;98,125;0,1011;5;0,902929936305732;0,0912862165605095;45,6431082802548;79;74;722,665372511935;677,02226423168;62;74;63,025;52,51;10,64;35;-35;-16,5;-25,75;14,24856322;25;"Bryop_Feather";5,8;"B";"A";"4GA";50;"RE37"
"13";"125";"Control";"Temoin2";"T2 ";"T2P2";"T2P2 F";"F";7;10;1214,7;115,6;5,8;113,3;0,904832469;2250;0,4718;19;0,0488;0,02302384;43,745296;36;31;99,2986290242038;79,5656624;62;31;93,7;46,61;13,205;36,5;-36,5;-16,5;-26,5;NA;25;"Bryop_Feather";1,6;"B";"A";"4GA";50;"RE37"
"14";"126";"Control";"Temoin2";"T2 ";"T2P2";"T2P2 M";"M";19;10;1622,9;170,8;14,1;157,4;0,8947563;2250;0,42861;12;0,0696444444444445;0,0298503053333333;35,8203664;36;31;99,2986290242038;79,5656624;62;31;93,7;46,61;13,205;36,5;-36,5;-16,5;-26,5;NA;25;"Bryop_Feather";1,6;"B";"A";"4GA";50;"RE37"
"15";"127";"Control";"Temoin2";"T2 ";"T2P2";"T2P2 Min";"Min";32;5;247,1;207,73;103,6;207,73;0,159328207;98,125;0,03719;5;1,0611974522293;0,0394659332484076;19,7329666242038;36;31;99,2986290242038;79,5656624;62;31;93,7;46,61;13,205;36,5;-36,5;-16,5;-26,5;NA;25;"Bryop_Feather";1,6;"B";"A";"4GA";50;"RE37"
"16";"128_129";"Control";"Temoin2";"T2 ";"T2P3";"T2P3 F";"F";14;8;468,45;62,5;7,1;56,55;0,862200162;1286,5625;0,47014;83;0,043060480932718;0,020244454505708;168,028972397377;88;83;193,097418461071;168,028972397377;62;83;106,05;59,44;13,205;37;-37;-8;-22,5;13,2737069;25;"Bryop_Feather";1,6;"B";"A";"4GA";50;"RE37"
"17";"130";"Control";"Temoin2";"T2 ";"T2P3";"T2P3 Min";"Min";83;5;231,1;191,53;89,5;191,53;0,171224578;98,125;0,048218;5;1,03979617834395;0,0501368921273885;25,0684460636943;88;83;193,097418461071;168,028972397377;62;83;106,05;59,44;13,205;37;-37;-8;-22,5;13,2737069;25;"Bryop_Feather";1,6;"B";"A";"4GA";50;"RE37"
"18";"131";"Control";"Temoin3";"T3 ";"T3P1";"T3P1 F";"F";3;11;800,5;73,33;0,94;72,39;0,908394753;2475;0,50162;25;0,0292484848484849;0,014671624969697;36,6790624242424;53;53;180,638803095722;180,638803095722;62;53;67,65;30,67;13,02;51,5;-51,5;-22,5;-37;NA;25;"Bryop_Feather";3,6;"";"A";"4GA";50;"RE37"
"19";"132";"Control";"Temoin3";"T3 ";"T3P1";"T3P1 M";"M";25;8;749;127,8;9,29;118,51;0,829372497;1800;0,40046;8;0,0658388888888889;0,0263658414444444;21,0926731555555;53;53;180,638803095722;180,638803095722;62;53;67,65;30,67;13,02;51,5;-51,5;-22,5;-37;NA;25;"Bryop_Feather";3,6;"";"A";"4GA";50;"RE37"
"20";"133";"Control";"Temoin3";"T3 ";"T3P1";"T3P1 H";"H";33;20;440;58,1;0;58,1;0,867954545;392,5;0,41502;20;0,148025477707006;0,0614335337579618;122,867067515924;53;53;180,638803095722;180,638803095722;62;53;67,65;30,67;13,02;51,5;-51,5;-22,5;-37;NA;25;"Bryop_Feather";3,6;"";"A";"4GA";50;"RE37"
"21";"134";"Control";"Temoin3";"T3 ";"T3P2";"T3P2 F";"F";0;6;152,1;31,1;2,6;28,5;0,795529257;1350;0,53307;6;0,0211111111111111;0,0112537;6,75222;83;78;778,290559165463;771,522912439349;39;78;77,15;52,16;13,02;37;-37;-20;-28,5;NA;17,46837025;"Bryop_Feather";3,6;"";"A";"4GA";50;"RE37"
"22";"135";"Control";"Temoin3";"T3 ";"T3P2";"T3P2 M";"M";10;12;841,1;171,2;20,66;150,54;0,796457021;2700;0,52852;29;0,0557555555555556;0,0294679262222222;85,4569860444444;83;78;778,290559165463;771,522912439349;39;78;77,15;52,16;13,02;37;-37;-20;-28,5;NA;17,46837025;"Bryop_Feather";3,6;"";"A";"4GA";50;"RE37"
"23";"136";"Control";"Temoin3";"T3 ";"T3P2";"T3P2 H";"H";46;5;162,2;34,1;0,33;33,77;0,789765721;98,125;0,45904;43;0,344152866242038;0,157979931719745;679,313706394904;83;78;778,290559165463;771,522912439349;39;78;77,15;52,16;13,02;37;-37;-20;-28,5;NA;17,46837025;"Bryop_Feather";3,6;"";"A";"4GA";50;"RE37"
"24";"137";"Control";"Temoin3";"T3 ";"T3P2";"T3P2 Min";"Min";78;5;265,5;226,37;115,7;226,37;0,147382298;98,125;0,012001;5;1,12784713375796;0,0135352934522293;6,76764672611465;83;78;778,290559165463;771,522912439349;39;78;77,15;52,16;13,02;37;-37;-20;-28,5;NA;17,46837025;"Bryop_Feather";3,6;"";"A";"4GA";50;"RE37"
"25";"138";"Control";"Temoin3";"T3 ";"T3P3";"T3P3 F";"F";0;6;169,8;40,5;2,8;37,7;0,761484099;1350;0,52784;6;0,0279259259259259;0,0147404207407407;8,84425244444444;90;85;812,538844290523;787,05676388288;53;85;80,725;74;13,02;46;-46;-13;-29,5;13,64008621;23,23699154;"Bryop_Feather";3,6;"";"A";"4GA";50;"RE37"
"26";"139";"Control";"Temoin3";"T3 ";"T3P3";"T3P3 M";"M";10;11;759,6;167,8;14,87;152,93;0,77909426;2475;0,53087;37;0,061789898989899;0,0328024036767677;121,36889360404;90;85;812,538844290523;787,05676388288;53;85;80,725;74;13,02;46;-46;-13;-29,5;13,64008621;23,23699154;"Bryop_Feather";3,6;"";"A";"4GA";50;"RE37"
"27";"140";"Control";"Temoin3";"T3 ";"T3P3";"T3P3 H";"H";43;5;198,8;90;0;90;0,547283702;98,125;0,17051;42;0,917197452229299;0,156391337579618;656,843617834395;90;85;812,538844290523;787,05676388288;53;85;80,725;74;13,02;46;-46;-13;-29,5;13,64008621;23,23699154;"Bryop_Feather";3,6;"";"A";"4GA";50;"RE37"
"28";"141";"Control";"Temoin3";"T3 ";"T3P3";"T3P3 Min";"Min";85;5;222,5;182,82;0;182,82;0,178337079;98,125;0,027354;5;1,86313375796178;0,0509641608152866;25,4820804076433;90;85;812,538844290523;787,05676388288;53;85;80,725;74;13,02;46;-46;-13;-29,5;13,64008621;23,23699154;"Bryop_Feather";3,6;"";"A";"4GA";50;"RE37"
"29";"142";"Control";"Temoin4";"T4";"T4P1";"T4P1 F";"F";4;7;566,2;56,8;0,85;55,95;0,899682091;1575;0,48456;15;0,0355238095238095;0,0172134171428571;25,8201257142857;84;79;1241,24819915463;1228,24273596991;62;79;66,575;74;15,19466667;39;-39;-2,5;-20,75;NA;25;"Bryop_Feather";7,57;"D";"A";"7T";50;"RE38"
"30";"143";"Control";"Temoin4";"T4";"T4P1";"T4P1 M";"M";21;10;1799,5;164,9;13,75;151,15;0,908363434;2250;0,46731;16;0,0671777777777778;0,0313928473333333;50,2285557333333;84;79;1241,24819915463;1228,24273596991;62;79;66,575;74;15,19466667;39;-39;-2,5;-20,75;NA;25;"Bryop_Feather";7,57;"D";"A";"7T";50;"RE38"
"31";"144";"Control";"Temoin4";"T4";"T4P1";"T4P1 H";"H";46;5;214,1;83,2;0,54;82,09;0,611396544;98,125;0,28495;48;0,842394904458599;0,240040428025478;1152,19405452229;84;79;1241,24819915463;1228,24273596991;62;79;66,575;74;15,19466667;39;-39;-2,5;-20,75;NA;25;"Bryop_Feather";7,57;"D";"A";"7T";50;"RE38"
"32";"145";"Control";"Temoin4";"T4";"T4P1";"T4P1 Min";"Min";79;5;250,2;210,87;114,9;210,87;0,157194245;98,125;0,026595;5;0,978038216560509;0,0260109263694267;13,0054631847134;84;79;1241,24819915463;1228,24273596991;62;79;66,575;74;15,19466667;39;-39;-2,5;-20,75;NA;25;"Bryop_Feather";7,57;"D";"A";"7T";50;"RE38"
"33";"152";"Control";"Temoin2";"T5";"T5P1";"T5P1 F";"F";15;15;313,8;56,9;13,1;45;0,818674315;3375;0,4817;30;0,0129777777777778;0,00625139555555556;18,7541866666667;84;77;208,808351722576;203,737038244869;62;77;70,79;45,23;13,205;43;-43;-16,5;-29,75;NA;25;"Bryop_Feather";5,7;"";"A";"7E";60;"RE39"
"34";"153";"Control";"Temoin2";"T5";"T5P1";"T5P1 M";"M";30;15;529,3;83,9;2,4;83,3;0,841488759;3375;0,44416;30;0,0241481481481481;0,0107256414814815;32,1769244444444;84;77;208,808351722576;203,737038244869;62;77;70,79;45,23;13,205;43;-43;-16,5;-29,75;NA;25;"Bryop_Feather";5,7;"";"A";"7E";60;"RE39"
"35";"154";"Control";"Temoin2";"T5";"T5P1";"T5P1 H";"H";60;15;146,8;47,7;0;47,7;0,67506812;147,1875;0,27736;17;0,324076433121019;0,0898858394904459;152,805927133758;84;77;208,808351722576;203,737038244869;62;77;70,79;45,23;13,205;43;-43;-16,5;-29,75;NA;25;"Bryop_Feather";5,7;"";"A";"7E";60;"RE39"
"36";"155";"Control";"Temoin2";"T5";"T5P1";"T5P1 Min";"Min";77;7;171,1;138,1;0;138,1;0,192869667;137,375;0,0072067;7;1,00527752502275;0,00724473353958144;5,07131347770701;84;77;208,808351722576;203,737038244869;62;77;70,79;45,23;13,205;43;-43;-16,5;-29,75;NA;25;"Bryop_Feather";5,7;"";"A";"7E";60;"RE39"
"37";"159";"Control";"Temoin2";"T5";"T5P3";"T5P3 F";"F";0;9;277;45,1;9,14;35,46;0,837184116;2025;0,51074;9;0,017758024691358;0,0090697335308642;8,16276017777778;91;91;466,934299798047;466,934299798047;62;91;154,05;78,16;13,205;36;-36;-19;-27,5;13,69181034;25;"Bryop_Feather";5,7;"";"A";"7E";60;"RE39"
"38";"160";"Control";"Temoin2";"T5";"T5P3";"T5P3 M";"M";25;10;1839,3;211,9;27,17;184,73;0,884793128;2250;0,50051;26;0,0821022222222222;0,0410929832444445;106,841756435556;91;91;466,934299798047;466,934299798047;62;91;154,05;78,16;13,205;36;-36;-19;-27,5;13,69181034;25;"Bryop_Feather";5,7;"";"A";"7E";60;"RE39"
"39";"161";"Control";"Temoin2";"T5";"T5P3";"T5P3 H";"H";44;12;480,2;112;0,33;111,67;0,766763848;942;0,53013;56;0,118545647558386;0,0628446041401274;351,929783184713;91;91;466,934299798047;466,934299798047;62;91;154,05;78,16;13,205;36;-36;-19;-27,5;13,69181034;25;"Bryop_Feather";5,7;"";"A";"7E";60;"RE39"
"40";"1";"Harrow";"Herse1";"H1";"H1P1";"H1P1 F";"F";0;8;309,8;39,6;6,7;33,6;0,872175597;1800;0,43452;8;0,0182777777777778;0,00794206;6,353648;109,3;109,3;435,678836788236;435,678836788236;62;62;90,65;100;15,005;14,5;-14,5;0;-7,25;NA;25;"Bryop_Feather";3,94153846153846;"";"A";"7T";50;"RE38"
"41";"2";"Harrow";"Herse1";"H1";"H1P1";"H1P1 M";"M";16;9;1400;119,3;7,8;113,8;0,914785714;2025;0,44138;26,5;0,0550617283950617;0,0243031456790123;64,4033360493827;109,3;109,3;435,678836788236;435,678836788236;62;62;90,65;100;15,005;14,5;-14,5;0;-7,25;NA;25;"Bryop_Feather";3,94153846153846;"";"A";"7T";50;"RE38"
"42";"3";"Harrow";"Herse1";"H1";"H1P1";"H1P1 H";"H";34,5;5;97,7;10,7;0,2;10,5;0,890481064;98,125;0,45592;74,8;0,107006369426752;0,0487863439490446;364,921852738853;109,3;109,3;435,678836788236;435,678836788236;62;62;90,65;100;15,005;14,5;-14,5;0;-7,25;NA;25;"Bryop_Feather";3,94153846153846;"";"A";"7T";50;"RE38"
"43";"4";"Harrow";"Herse1";"H1";"H1P2";"H1P2 F";"F";0;6;272;14,8;1;13,9;0,945588235;1350;0,43779;6;0,0102222222222222;0,00447518666666667;2,685112;52;47;62,212306482661;42,5844644444444;62;62;60,95;100;15,005;17,5;-17,5;-2,5;-10;NA;25;"Bryop_Feather";2,42;"";"A";"7T";50;"RE38"
"44";"5";"Harrow";"Herse1";"H1";"H1P2";"H1P2 M";"M";6;2;473,7;33,1;5,4;28,1;0,930124551;450;0,45676;2;0,0615555555555556;0,0281161155555556;5,62322311111111;52;47;62,212306482661;42,5844644444444;62;62;60,95;100;15,005;17,5;-17,5;-2,5;-10;NA;25;"Bryop_Feather";2,42;"";"A";"7T";50;"RE38"
"45";"6";"Harrow";"Herse1";"H1";"H1P2";"H1P2 H";"H";8;8;555,4;40,3;6,5;34,3;0,927439683;1800;0,46804;39;0,0187777777777778;0,00878875111111111;34,2761293333333;52;47;62,212306482661;42,5844644444444;62;62;60,95;100;15,005;17,5;-17,5;-2,5;-10;NA;25;"Bryop_Feather";2,42;"";"A";"7T";50;"RE38"
"46";"7";"Harrow";"Herse1";"H1";"H1P2";"H1P2 Min";"Min";47;5;145,2;100,5;0;100,5;0,30785124;98,125;0,038328;5;1,02420382165605;0,0392556840764331;19,6278420382166;52;47;62,212306482661;42,5844644444444;62;62;60,95;100;15,005;17,5;-17,5;-2,5;-10;NA;25;"Bryop_Feather";2,42;"";"A";"7T";50;"RE38"
"47";"8";"Harrow";"Herse1";"H1";"H1P3";"H1P3 F";"F";0;2;422,8;33,4;2,3;31,9;0,921002838;450;0,35776;2;0,0691111111111111;0,0247251911111111;4,94503822222222;25;20;87,6081119490446;61,652488;62;62;39,25;93,76;15,005;17,5;-17,5;-3,5;-10,5;15,07902299;25;"Bryop_Feather";2,42;"";"A";"7T";50;"RE38"
"48";"9";"Harrow";"Herse1";"H1";"H1P3";"H1P3 M";"M";6;8;802,7;157,2;12,2;143,1;0,804160957;1800;0,29263;8;0,0805555555555556;0,0235729722222222;18,8583777777778;25;20;87,6081119490446;61,652488;62;62;39,25;93,76;15,005;17,5;-17,5;-3,5;-10,5;15,07902299;25;"Bryop_Feather";2,42;"";"A";"7T";50;"RE38"
"49";"10";"Harrow";"Herse1";"H1";"H1P3";"H1P3 H";"H";8;5;627,8;139,8;3,6;134,5;0,777317617;1125;0,31263;10;0,121066666666667;0,037849072;37,849072;25;20;87,6081119490446;61,652488;62;62;39,25;93,76;15,005;17,5;-17,5;-3,5;-10,5;15,07902299;25;"Bryop_Feather";2,42;"";"A";"7T";50;"RE38"
"50";"11";"Harrow";"Herse1";"H1";"H1P3";"H1P3 Min";"Min";20;5;178,6;134,2;1,3;132,9;0,248600224;98,125;0,038328;5;1,3543949044586;0,0519112478980892;25,9556239490446;25;20;87,6081119490446;61,652488;62;62;39,25;93,76;15,005;17,5;-17,5;-3,5;-10,5;15,07902299;25;"Bryop_Feather";2,42;"";"A";"7T";50;"RE38"
"51";"12";"Harrow";"Herse1";"H2";"H2P1";"H2P1 F";"F";0;5;202,2;25,7;4,3;22;0,872898121;1125;0,41138;5;0,0190222222222222;0,00782536177777778;3,91268088888889;109;109;199,997737991189;199,997737991189;62;62;64,4;100;15,005;41;-41;-11;-26;NA;25;"Bryop_Feather";3,94153846153846;"";"A";"7T";50;"RE38"
"52";"13";"Harrow";"Herse1";"H2";"H2P1";"H2P1 M";"M";10;3,5;229,1;47,1;23,8;23,7;0,79441292;787,5;0,38101;17,5;0,0295873015873016;0,0112730577777778;19,7278511111111;109;109;199,997737991189;199,997737991189;62;62;64,4;100;15,005;41;-41;-11;-26;NA;25;"Bryop_Feather";3,94153846153846;"";"A";"7T";50;"RE38"
"53";"14_15";"Harrow";"Herse1";"H2";"H2P1";"H2P1 H";"H";22,5;5,75;234,05;41,95;2,35;39,75;0,763500671;780,3125;0,401745;86,5;0,0507488986784141;0,0203881162995595;176,357205991189;109;109;199,997737991189;199,997737991189;62;62;64,4;100;15,005;41;-41;-11;-26;NA;25;"Bryop_Feather";3,94153846153846;"";"A";"7T";50;"RE38"
"54";"16";"Harrow";"Herse1";"H2";"H2P2";"H2P2 F";"F";0;3;224,5;11,7;0;11,9;0,947884187;675;0,44077;3;0,0173333333333333;0,00764001333333333;2,292004;93;88;356,568666133522;349,076538744987;62;62;79;100;15,005;16;-16;-2;-9;NA;25;"Bryop_Feather";0,33;"";"A";"7T";50;"RE38"
"55";"17";"Harrow";"Herse1";"H2";"H2P2";"H2P2 M";"M";3;9;977,1;72,6;3,8;69,9;0,925698496;2025;0,45147;44;0,0339753086419753;0,0153388325925926;67,4908634074074;93;88;356,568666133522;349,076538744987;62;62;79;100;15,005;16;-16;-2;-9;NA;25;"Bryop_Feather";0,33;"";"A";"7T";50;"RE38"
"56";"18";"Harrow";"Herse1";"H2";"H2P2";"H2P2 H";"H";47;5;102,6;18,7;2,2;16,5;0,817738791;98,125;0,40511;41;0,168152866242038;0,0681204076433121;279,29367133758;93;88;356,568666133522;349,076538744987;62;62;79;100;15,005;16;-16;-2;-9;NA;25;"Bryop_Feather";0,33;"";"A";"7T";50;"RE38"
"57";"19";"Harrow";"Herse1";"H2";"H2P2";"H2P2 Min";"Min";88;5;145;105,4;0;105,4;0,273103448;98,125;0,01395;5;1,07414012738854;0,0149842547770701;7,49212738853503;93;88;356,568666133522;349,076538744987;62;62;79;100;15,005;16;-16;-2;-9;NA;25;"Bryop_Feather";0,33;"";"A";"7T";50;"RE38"
"58";"20";"Harrow";"Herse1";"H2";"H2P3";"H2P3 F";"F";0;5;132,6;16,1;2,6;13,8;0,878582202;1125;0,41864;5;0,012;0,00502368;2,51184;83;78;316,957462929936;296,659988280255;62;62;49,65;100;15,005;29,5;-29,5;-6;-17,75;16,11853448;25;"Bryop_Feather";3,94153846153846;"";"A";"7T";50;"RE38"
"59";"21";"Harrow";"Herse1";"H2";"H2P3";"H2P3 M";"M";11;9;563,8;65,1;3;63;0,884533523;2025;0,42213;20;0,0306666666666667;0,01294532;25,89064;83;78;316,957462929936;296,659988280255;62;62;49,65;100;15,005;29,5;-29,5;-6;-17,75;16,11853448;25;"Bryop_Feather";3,94153846153846;"";"A";"7T";50;"RE38"
"60";"22";"Harrow";"Herse1";"H2";"H2P3";"H2P3 H";"H";25;5;104,9;12,8;0,8;12,1;0,877979028;98,125;0,41388;53;0,122292993630573;0,0506146242038217;268,257508280255;83;78;316,957462929936;296,659988280255;62;62;49,65;100;15,005;29,5;-29,5;-6;-17,75;16,11853448;25;"Bryop_Feather";3,94153846153846;"";"A";"7T";50;"RE38"
"61";"23";"Harrow";"Herse1";"H2";"H2P3";"H2P3 Min";"Min";78;5;154,5;111,5;0,4;111,5;0,278317152;98,125;0,035854;5;1,13222929936306;0,040594949299363;20,2974746496815;83;78;316,957462929936;296,659988280255;62;62;49,65;100;15,005;29,5;-29,5;-6;-17,75;16,11853448;25;"Bryop_Feather";3,94153846153846;"";"A";"7T";50;"RE38"
"62";"24";"Harrow";"Herse2";"H3";"H3P1";"H3P1 F";"F";0;2;255,1;51,4;3,3;49;0,798510388;450;0,44743;2;0,106888888888889;0,0478252955555556;9,56505911111111;25;20;83,5001597799009;63,7909806716207;41;41;26,45;100;14,57;31,5;-31,5;-12;-21,75;NA;15,99540288;"Bryop_Feather";5,6;"";"B";"1AY";30;"RE22"
"63";"25";"Harrow";"Herse2";"H3";"H3P1";"H3P1 M";"M";2;8;704,5;149;39,5;112,9;0,788502484;1800;0,44594;15;0,0608333333333333;0,0271280166666667;40,692025;25;20;83,5001597799009;63,7909806716207;41;41;26,45;100;14,57;31,5;-31,5;-12;-21,75;NA;15,99540288;"Bryop_Feather";5,6;"";"B";"1AY";30;"RE22"
"64";"26";"Harrow";"Herse2";"H3";"H3P1";"H3P1 H";"H";17;2,5;52,6;26,6;13,9;10,1;0,494296578;49,0625;0,17428;3;0,258853503184713;0,0451129885350318;13,5338965605096;25;20;83,5001597799009;63,7909806716207;41;41;26,45;100;14,57;31,5;-31,5;-12;-21,75;NA;15,99540288;"Bryop_Feather";5,6;"";"B";"1AY";30;"RE22"
"65";"27";"Harrow";"Herse2";"H3";"H3P1";"H3P1 Min";"Min";20;5;169,5;124,8;0;124,8;0,263716814;98,125;0,030993;5;1,27184713375796;0,0394183582165605;19,7091791082803;25;20;83,5001597799009;63,7909806716207;41;41;26,45;100;14,57;31,5;-31,5;-12;-21,75;NA;15,99540288;"Bryop_Feather";5,6;"";"B";"1AY";30;"RE22"
"66";"28";"Harrow";"Herse2";"H3";"H3P2";"H3P2 F";"F";0;1;145,6;53,5;5,3;48,8;0,632554945;225;0,19705;1;0,214222222222222;0,0422124888888889;4,22124888888889;27;22;81,116024373673;71,264773418259;47;47;28,15;100;14,57;38,75;-38,75;-5,5;-22,125;NA;18,58453713;"Bryop_Feather";5,6;"";"B";"1AY";30;"RE22"
"67";"29";"Harrow";"Herse2";"H3";"H3P2";"H3P2 M";"M";1;6;522,5;223,7;5,4;221,8;0,571866029;1350;0,1624;12;0,161703703703704;0,0262606814814815;31,5128177777778;27;22;81,116024373673;71,264773418259;47;47;28,15;100;14,57;38,75;-38,75;-5,5;-22,125;NA;18,58453713;"Bryop_Feather";5,6;"";"B";"1AY";30;"RE22"
"68";"30";"Harrow";"Herse2";"H3";"H3P2";"H3P2 H";"H";13;5;101,1;33,7;16,6;17,1;0,666666667;98,125;0,22654;9;0,174267515923567;0,0394785630573248;35,5307067515924;27;22;81,116024373673;71,264773418259;47;47;28,15;100;14,57;38,75;-38,75;-5,5;-22,125;NA;18,58453713;"Bryop_Feather";5,6;"";"B";"1AY";30;"RE22"
"69";"31";"Harrow";"Herse2";"H3";"H3P2";"H3P2 Min";"Min";22;5;172,4;141,2;0,8;140,4;0,180974478;98,125;0,01377;5;1,43082802547771;0,019702501910828;9,85125095541401;27;22;81,116024373673;71,264773418259;47;47;28,15;100;14,57;38,75;-38,75;-5,5;-22,125;NA;18,58453713;"Bryop_Feather";5,6;"";"B";"1AY";30;"RE22"
"70";"32";"Harrow";"Herse2";"H3";"H3P3";"H3P3 F";"F";0;3;213,7;14,6;0;14,9;0,931679925;675;0,34187;3;0,0216296296296296;0,00739452148148148;2,21835644444444;55;50;202,815335190375;188,927550222222;41;41;32,3;100;14,57;22,5;-22,5;-10;-16,25;15,64798851;18,14035395;"Bryop_Feather";5,6;"";"B";"1AY";30;"RE22"
"71";"33";"Harrow";"Herse2";"H3";"H3P3";"H3P3 M";"M";3;4;420,9;50,2;0,4;50,7;0,880731765;900;0,30341;4;0,0553333333333333;0,0167886866666667;6,71547466666667;55;50;202,815335190375;188,927550222222;41;41;32,3;100;14,57;22,5;-22,5;-10;-16,25;15,64798851;18,14035395;"Bryop_Feather";5,6;"";"B";"1AY";30;"RE22"
"72";"34";"Harrow";"Herse2";"H3";"H3P3";"H3P3 H";"H";7;6;1047,9;209,6;2,4;208,3;0,799980914;1350;0,27273;43;0,153481481481481;0,0418590044444444;179,993719111111;55;50;202,815335190375;188,927550222222;41;41;32,3;100;14,57;22,5;-22,5;-10;-16,25;15,64798851;18,14035395;"Bryop_Feather";5,6;"";"B";"1AY";30;"RE22"
"73";"35";"Harrow";"Herse2";"H3";"H3P3";"H3P3 Min";"Min";50;5;149,2;108,3;0;108,3;0,274128686;98,125;0,025166;5;1,10369426751592;0,0277755699363057;13,8877849681529;55;50;202,815335190375;188,927550222222;41;41;32,3;100;14,57;22,5;-22,5;-10;-16,25;15,64798851;18,14035395;"Bryop_Feather";5,6;"";"B";"1AY";30;"RE22"
"74";"36";"Harrow";"Herse2";"H4";"H4P1";"H4P1 F";"F";0;6;357,7;69,1;1,1;69;0,806821359;1350;0,34646;6;0,0503703703703704;0,0174513185185185;10,4707911111111;51,5;46,5;104,776528350841;87,3061822820513;56;56;42,95;100;14,57;24;-24;-5;-14,5;NA;25;"Bryop_Feather";8,91;"";"A";"7T";50;"RE38"
"75";"37";"Harrow";"Herse2";"H4";"H4P1";"H4P1 M";"M";6;8;976,9;231,1;106,2;127,6;0,763435357;1800;0,29873;14;0,0693888888888889;0,0207285427777778;29,0199598888889;51,5;46,5;104,776528350841;87,3061822820513;56;56;42,95;100;14,57;24;-24;-5;-14,5;NA;25;"Bryop_Feather";8,91;"";"A";"7T";50;"RE38"
"76";"38";"Harrow";"Herse2";"H4";"H4P1";"H4P1 H";"H";20;6,5;524,6;72,2;5,3;67,9;0,862371331;1462,5;0,39445;26,5;0,0457435897435897;0,018043558974359;47,8154312820513;51,5;46,5;104,776528350841;87,3061822820513;56;56;42,95;100;14,57;24;-24;-5;-14,5;NA;25;"Bryop_Feather";8,91;"";"A";"7T";50;"RE38"
"77";"39";"Harrow";"Herse2";"H4";"H4P1";"H4P1 Min";"Min";46,5;5;162,5;122,049;0,4;121,649;0,248929231;98,125;0,028184;5;1,23973503184713;0,0349406921375796;17,4703460687898;51,5;46,5;104,776528350841;87,3061822820513;56;56;42,95;100;14,57;24;-24;-5;-14,5;NA;25;"Bryop_Feather";8,91;"";"A";"7T";50;"RE38"
"78";"40_41";"Harrow";"Herse2";"H4";"H4P2";"H4P2 M";"M";1;5,5;488,95;86,95;21,3;66;0,825829244;1237,5;0,36844;20;0,0530505050505051;0,0195459280808081;39,0918561616162;25;20;61,9797399832722;39,0918561616162;30;30;21,8;100;14,57;23;-23;-3;-13;NA;12,08358108;"Bryop_Feather";5,20625;"";"B";"1AM";30;"RE22"
"79";"42";"Harrow";"Herse2";"H4";"H4P2";"H4P2 Min";"Min";20;5;141,8;97,6;0;141,8;0,311706629;98,125;0,046022;5;0,994649681528662;0,0457757676433121;22,8878838216561;25;20;61,9797399832722;39,0918561616162;30;30;21,8;100;14,57;23;-23;-3;-13;NA;12,08358108;"Bryop_Feather";5,20625;"";"B";"1AM";30;"RE22"
"80";"43";"Harrow";"Herse2";"H4";"H4P3";"H4P3 F";"F";0;2;133,6;32;3,3;29,3;0,760479042;450;0,35639;2;0,0637777777777778;0,0227297622222222;4,54595244444444;56;51;143,707354797948;126,681495944444;62;62;44,5;100;14,57;34,5;-34,5;-5,5;-20;14,1558908;25;"Bryop_Feather";7,57;"";"B";"1AM";30;"RE22"
"81";"44";"Harrow";"Herse2";"H4";"H4P3";"H4P3 M";"M";11;8;499;78;13,1;66,6;0,843687375;1800;0,42239;17;0,0360555555555556;0,0152295061111111;25,8901603888889;56;51;143,707354797948;126,681495944444;62;62;44,5;100;14,57;34,5;-34,5;-5,5;-20;14,1558908;25;"Bryop_Feather";7,57;"";"B";"1AM";30;"RE22"
"82";"45";"Harrow";"Herse2";"H4";"H4P3";"H4P3 H";"H";19;4;556;70,7;2,8;69,1;0,872841727;900;0,39866;32;0,0754444444444445;0,0300766822222222;96,2453831111111;56;51;143,707354797948;126,681495944444;62;62;44,5;100;14,57;34,5;-34,5;-5,5;-20;14,1558908;25;"Bryop_Feather";7,57;"";"B";"1AM";30;"RE22"
"83";"47";"Harrow";"Herse2";"H4";"H4P3";"H4P3 Min";"Min";70;5;168,4;124,9;0;124,9;0,258313539;98,125;0,026752;5;1,27286624203822;0,0340517177070064;17,0258588535032;56;51;143,707354797948;126,681495944444;62;62;44,5;100;14,57;34,5;-34,5;-5,5;-20;14,1558908;25;"Bryop_Feather";7,57;"";"B";"1AM";30;"RE22"
"84";"48";"Harrow";"Herse3";"H5";"H5P1";"H5P1 F";"F";0;1;97,8;45,1;0,8;44,4;0,538854806;225;0,19469;1;0,196888888888889;0,0383322977777778;3,83322977777778;49;44;200,37321831281;191,214828503892;27;27;37,17;78,16;14,24;33;-33;-6,5;-19,75;NA;11;"Bryop_Feather";7,7;"";"B";"1AM";30;"RE22"
"85";"49";"Harrow";"Herse3";"H5";"H5P1";"H5P1 M";"M";1;12;1015,1;458,2;13,2;452,3;0,5486159;2700;0,15363;28;0,164814814814815;0,0253205;70,8974;49;44;200,37321831281;191,214828503892;27;27;37,17;78,16;14,24;33;-33;-6,5;-19,75;NA;11;"Bryop_Feather";7,7;"";"B";"1AM";30;"RE22"
"86";"50";"Harrow";"Herse3";"H5";"H5P1";"H5P1 H";"H";29;5;129,2;68,1;2;66,4;0,472910217;98,125;0,11528;15;0,673630573248408;0,0776561324840764;116,484198726115;49;44;200,37321831281;191,214828503892;27;27;37,17;78,16;14,24;33;-33;-6,5;-19,75;NA;11;"Bryop_Feather";7,7;"";"B";"1AM";30;"RE22"
"87";"51";"Harrow";"Herse3";"H5";"H5P1";"H5P1 Min";"Min";44;5;148,5;121;0;121;0,185185185;98,125;0,014854;5;1,23312101910828;0,0183167796178344;9,1583898089172;49;44;200,37321831281;191,214828503892;27;27;37,17;78,16;14,24;33;-33;-6,5;-19,75;NA;11;"Bryop_Feather";7,7;"";"B";"1AM";30;"RE22"
"88";"52";"Harrow";"Herse3";"H5";"H5P2";"H5P2 F";"F";0;3,5;165,2;29,4;3,2;26,8;0,822033898;787,5;0,37825;3,5;0,0332698412698413;0,0125843174603175;4,40451111111111;93;88;531,447492632825;519,103097728366;61;61;52,55;87,87;14,24;46;-46;-18;-32;NA;24,6084855;"Bryop_Feather";4,9;"";"A";"4GA";50;"RE38"
"89";"53";"Harrow";"Herse3";"H5";"H5P2";"H5P2 M";"M";3,5;5,5;606,4;210;4,8;209,6;0,653693931;1237,5;0,21577;20,5;0,165818181818182;0,0357785890909091;73,3461076363636;93;88;531,447492632825;519,103097728366;61;61;52,55;87,87;14,24;46;-46;-18;-32;NA;24,6084855;"Bryop_Feather";4,9;"";"A";"4GA";50;"RE38"
"90";"54";"Harrow";"Herse3";"H5";"H5P2";"H5P2 H";"H";34;5;94,1;21,3;0,6;20,9;0,773645058;98,125;0,3269;64;0,210955414012739;0,0689613248407643;441,352478980892;93;88;531,447492632825;519,103097728366;61;61;52,55;87,87;14,24;46;-46;-18;-32;NA;24,6084855;"Bryop_Feather";4,9;"";"A";"4GA";50;"RE38"
"91";"55";"Harrow";"Herse3";"H5";"H5P2";"H5P2 Min";"Min";88;5;162,5;118,9;0;118,9;0,268307692;98,125;0,020375;5;1,21171974522293;0,0246887898089172;12,3443949044586;93;88;531,447492632825;519,103097728366;61;61;52,55;87,87;14,24;46;-46;-18;-32;NA;24,6084855;"Bryop_Feather";4,9;"";"A";"4GA";50;"RE38"
"92";"56";"Harrow";"Herse3";"H5";"H5P3";"H5P3 F";"F";0;6;189,6;36;1,2;35,5;0,810126582;1350;0,30545;6;0,0257777777777778;0,00787382222222222;4,72429333333333;93;93;240,621755231656;240,621755231656;62;62;38,925;93,07;14,24;33;-33;10;-11,5;14,83261494;25;"Bryop_Feather";5,097;"";"A";"4GA";50;"RE38"
"93";"57";"Harrow";"Herse3";"H5";"H5P3";"H5P3 M";"M";6;3;533,2;154;8,2;145;0,711177794;675;0,22872;3;0,216;0,04940352;14,821056;93;93;240,621755231656;240,621755231656;62;62;38,925;93,07;14,24;33;-33;10;-11,5;14,83261494;25;"Bryop_Feather";5,097;"";"A";"4GA";50;"RE38"
"94";"58_59";"Harrow";"Herse3";"H5";"H5P3";"H5P3 H";"H";9;7,5;561,5;167,6;1,7;168,65;0,633980705;1174,0625;0,186255;84;0,14130423210008;0,0263186197498004;221,076405898323;93;93;240,621755231656;240,621755231656;62;62;38,925;93,07;14,24;33;-33;10;-11,5;14,83261494;25;"Bryop_Feather";5,097;"";"A";"4GA";50;"RE38"
"95";"60_61";"CPRS";"CoupePRS1";"CPRS1";"CPRS1P1";"CT1P1 M";"M";0;4;453,3;100,65;20,5;79,15;0,778533252;900;0,42632;16;0,0890555555555556;0,0379661644444445;60,7458631111111;21;16;82,4688032384996;60,7458631111111;29;29;23,3;100;14,40357143;16,5;-16,5;-3;-9,75;NA;12,72298014;"Bryop_Feather";5,7;"";"B";"4GA";30;"ME13"
"96";"62";"CPRS";"CoupePRS1";"CPRS1";"CPRS1P1";"CT1P1 Min";"Min";16;5;127,8;80,3;0;80,3;0,371674491;98,125;0,05309;5;0,818343949044586;0,0434458802547771;21,7229401273885;21;16;82,4688032384996;60,7458631111111;29;29;23,3;100;14,40357143;16,5;-16,5;-3;-9,75;NA;12,72298014;"Bryop_Feather";5,7;"";"B";"4GA";30;"ME13"
"97";"63";"CPRS";"CoupePRS1";"CPRS1";"CPRS1P2";"CT1P2 F";"F";0;1;129,5;31;0,7;30,2;0,760617761;225;0,50588;1;0,134666666666667;0,0681251733333333;6,81251733333333;17,5;12,5;52,4110454064209;38,5916405656566;53;53;22,8;100;14,40357143;30;-30;-12;-21;NA;23,54247033;"Bryop_Feather";5,7;"";"B";"4GA";30;"ME13"
"98";"64";"CPRS";"CoupePRS1";"CPRS1";"CPRS1P2";"CT1P2 M";"M";1;5,5;367,6;70,2;1,6;68,4;0,809031556;1237,5;0,4985;11,5;0,0554343434343434;0,0276340202020202;31,7791232323232;17,5;12,5;52,4110454064209;38,5916405656566;53;53;22,8;100;14,40357143;30;-30;-12;-21;NA;23,54247033;"Bryop_Feather";5,7;"";"B";"4GA";30;"ME13"
"99";"65";"CPRS";"CoupePRS1";"CPRS1";"CPRS1P2";"CT1P2 Min";"Min";12,1;5;127,2;74,7;0;74,7;0,412735849;98,125;0,036306;5;0,761273885350318;0,0276388096815287;13,8194048407643;17,5;12,5;52,4110454064209;38,5916405656566;53;53;22,8;100;14,40357143;30;-30;-12;-21;NA;23,54247033;"Bryop_Feather";5,7;"";"B";"4GA";30;"ME13"
"100";"66";"CPRS";"CoupePRS1";"CPRS1";"CPRS1P3";"CT1P3 F";"F";0;3;98,7;25;4,5;20,3;0,746707194;675;0,51281;3;0,0303703703703704;0,0155742296296296;4,67226888888889;15;10;31,3504248690729;19,4120911111111;41;41;22,95;100;14,40357143;23;-23;-18;-20,5;15,14942529;19,05045;"Bryop_Feather";5,7;"";"B";"4GA";30;"ME13"
"101";"67";"CPRS";"CoupePRS1";"CPRS1";"CPRS1P3";"CT1P3 M";"M";3;7;349,2;79,2;9,2;70,1;0,773195876;1575;0,47378;7;0,0444444444444444;0,0210568888888889;14,7398222222222;15;10;31,3504248690729;19,4120911111111;41;41;22,95;100;14,40357143;23;-23;-18;-20,5;15,14942529;19,05045;"Bryop_Feather";5,7;"";"B";"4GA";30;"ME13"
"102";"68";"CPRS";"CoupePRS1";"CPRS1";"CPRS1P3";"CT1P3 Min";"Min";10;5;120,1;77,4;0;77,4;0,355537052;98,125;0,03027;5;0,788789808917198;0,0238766675159236;11,9383337579618;15;10;31,3504248690729;19,4120911111111;41;41;22,95;100;14,40357143;23;-23;-18;-20,5;15,14942529;19,05045;"Bryop_Feather";5,7;"";"B";"4GA";30;"ME13"
"103";"69";"CPRS";"CoupePRS1";"CPRS2";"CPRS2P1";"CT2P1 M";"M";0;7;356,9;91,2;7,5;83,5;0,744466237;1575;0,4934;7;0,0531428571428571;0,0262206857142857;18,35448;19;14;61,0744596843595;43,9876291111111;27;27;31,05;100;14,40357143;22;-22;0;-11;NA;11;"Bryop_Feather";7,08071428571429;"";"B";"1AM";30;"RE22"
"104";"70";"CPRS";"CoupePRS1";"CPRS2";"CPRS2P1";"CT2P1 H";"H";7;4;470,03;131,9;14,1;116,8;0,719379614;900;0,27977;7;0,130888888888889;0,0366187844444444;25,6331491111111;19;14;61,0744596843595;43,9876291111111;27;27;31,05;100;14,40357143;22;-22;0;-11;NA;11;"Bryop_Feather";7,08071428571429;"";"B";"1AM";30;"RE22"
"105";"71";"CPRS";"CoupePRS1";"CPRS2";"CPRS2P1";"CT2P1 Min";"Min";14;5;118,5;64,5;0;64,5;0,455696203;98,125;0,051989;5;0,657324840764331;0,0341736611464968;17,0868305732484;19;14;61,0744596843595;43,9876291111111;27;27;31,05;100;14,40357143;22;-22;0;-11;NA;11;"Bryop_Feather";7,08071428571429;"";"B";"1AM";30;"RE22"
"106";"72";"CPRS";"CoupePRS1";"CPRS2";"CPRS2P2";"CT2P2 F";"F";0;1,5;64,8;19,9;1,8;18;0,692901235;337,5;0,50407;1,5;0,0536296296296296;0,0270330874074074;4,05496311111111;16;11;38,2855560132107;35,0043811851852;27;27;23,725;100;14,40357143;40;-40;-11,5;-25,75;NA;11;"Bryop_Feather";7,08071428571429;"";"B";"1A";30;"RE22"
"107";"73";"CPRS";"CoupePRS1";"CPRS2";"CPRS2P2";"CT2P2 M";"M";1,5;4,5;284,2;74,7;5,5;68,8;0,737156932;1012,5;0,47667;9,5;0,0683456790123457;0,0325783348148148;30,9494180740741;16;11;38,2855560132107;35,0043811851852;27;27;23,725;100;14,40357143;40;-40;-11,5;-25,75;NA;11;"Bryop_Feather";7,08071428571429;"";"B";"1A";30;"RE22"
"108";"74";"CPRS";"CoupePRS1";"CPRS2";"CPRS2P2";"CT2P2 Min";"Min";11;5;183,4;165,9;30,7;135,2;0,095419847;98,125;0,0047628;5;1,37783439490446;0,00656234965605096;3,28117482802548;16;11;38,2855560132107;35,0043811851852;27;27;23,725;100;14,40357143;40;-40;-11,5;-25,75;NA;11;"Bryop_Feather";7,08071428571429;"";"B";"1A";30;"RE22"
"109";"75";"CPRS";"CoupePRS1";"CPRS2";"CPRS2P3";"CT2P3 F";"F";0;5;215,4;27,1;2,2;24,8;0,874187558;1125;0,43551;5;0,0221333333333333;0,009639288;4,819644;17;12;37,7821100105371;20,4378144691358;27;27;20,95;90,99;14,40357143;42;-42;0;-21;14,56896552;11;"Bryop_Feather";7,08071428571429;"";"B";"1A";30;"RE22"
"110";"76";"CPRS";"CoupePRS1";"CPRS2";"CPRS2P3";"CT2P3 M";"M";5;4,5;303,6;59,7;5,8;53,8;0,803359684;1012,5;0,41912;7;0,0532345679012346;0,0223116720987654;15,6181704691358;17;12;37,7821100105371;20,4378144691358;27;27;20,95;90,99;14,40357143;42;-42;0;-21;14,56896552;11;"Bryop_Feather";7,08071428571429;"";"B";"1A";30;"RE22"
"111";"77";"CPRS";"CoupePRS1";"CPRS2";"CPRS2P3";"CT2P3 Min";"Min";15;5;137,9;99;0;99;0,28208847;98,125;0,034382;5;1,00891719745223;0,0346885910828025;17,3442955414013;17;12;37,7821100105371;20,4378144691358;27;27;20,95;90,99;14,40357143;42;-42;0;-21;14,56896552;11;"Bryop_Feather";7,08071428571429;"";"B";"1A";30;"RE22"
"112";"78";"CPRS";"CoupePRS2";"CPRS3";"CPRS3P1";"CT3P1 M";"M";0;4,5;253,5;106,1;8,9;97,1;0,581459566;1012,5;0,30025;14;0,096;0,028824;40,3536;19;14;49,897672866242;40,3536;45;45;26,65;100;14,65;28,5;-28,5;-12;-20,25;NA;19,70370044;"Bryop_Feather";9,51;"";"B";"1AY";30;"RE22"
"113";"79";"CPRS";"CoupePRS2";"CPRS3";"CPRS3P1";"CT3P1 Min";"Min";14;5;108,7;75,8;0,9;74,9;0,302667893;98,125;0,025007;5;0,763312101910828;0,0190881457324841;9,54407286624204;19;14;49,897672866242;40,3536;45;45;26,65;100;14,65;28,5;-28,5;-12;-20,25;NA;19,70370044;"Bryop_Feather";9,51;"";"B";"1AY";30;"RE22"
"114";"80";"CPRS";"CoupePRS2";"CPRS3";"CPRS3P2";"CT3P2 F";"F";0;5;271,1;33,7;9,5;24,2;0,875691627;1125;0,36627;5;0,0215111111111111;0,00787887466666667;3,93943733333333;40;35;191,268081879689;177,229374108988;44;44;34,4;100;14,65;30;-30;-12,5;-21,25;NA;16,50196347;"Bryop_Feather";9,14;"";"B";"1AY";30;"RE22"
"115";"81";"CPRS";"CoupePRS2";"CPRS3";"CPRS3P2";"CT3P2 M";"M";11;6;443,4;84,8;6,9;78,1;0,808750564;1350;0,42301;12;0,0577037037037037;0,0244092437037037;29,2910924444444;40;35;191,268081879689;177,229374108988;44;44;34,4;100;14,65;30;-30;-12,5;-21,25;NA;16,50196347;"Bryop_Feather";9,14;"";"B";"1AY";30;"RE22"
"116";"82";"CPRS";"CoupePRS2";"CPRS3";"CPRS3P2";"CT3P2 H";"H";17;5;115,4;47,5;6,6;40,2;0,588388215;98,125;0,19193;18;0,416815286624204;0,0799993579617834;143,99884433121;40;35;191,268081879689;177,229374108988;44;44;34,4;100;14,65;30;-30;-12,5;-21,25;NA;16,50196347;"Bryop_Feather";9,14;"";"B";"1AY";30;"RE22"
"117";"83";"CPRS";"CoupePRS2";"CPRS3";"CPRS3P2";"CT3P2 Min";"Min";35;5;162,7;128,2;2,9;125,3;0,212046712;98,125;0,021988;5;1,27694267515924;0,0280774155414013;14,0387077707006;40;35;191,268081879689;177,229374108988;44;44;34,4;100;14,65;30;-30;-12,5;-21,25;NA;16,50196347;"Bryop_Feather";9,14;"";"B";"1AY";30;"RE22"
"118";"84";"CPRS";"CoupePRS2";"CPRS3";"CPRS3P3";"CT3P3 M";"M";0;6;317,8;124,4;6;118,4;0,608558842;1350;0,39688;6;0,0877037037037037;0,0348078459259259;20,8847075555556;11;6;33,6274433517339;20,8847075555556;27;27;26,675;100;14,65;37,5;-37,5;-13;-25,25;14,9612069;11;"Bryop_Feather";9,61;"";"B";"1AY";30;"RE22"
"119";"85";"CPRS";"CoupePRS2";"CPRS3";"CPRS3P3";"CT3P3 Min";"Min";6;5;81,1;62;0,9;61,1;0,235511714;98,125;0,040929;5;0,622675159235669;0,0254854715923567;12,7427357961783;11;6;33,6274433517339;20,8847075555556;27;27;26,675;100;14,65;37,5;-37,5;-13;-25,25;14,9612069;11;"Bryop_Feather";9,61;"";"B";"1AY";30;"RE22"
"120";"86";"CPRS";"CoupePRS3";"CPRS4";"CPRS4P1";"CT4P1 F";"F";0;1,5;138,8;36;1,4;34,5;0,740634006;337,5;0,49661;1,5;0,102518518518519;0,0509117214814815;7,63675822222222;14;9;37,3027093670319;24,980132;44;44;27,6;100;14,06793103;30,5;-30,5;0;-15,25;NA;19,38965365;"Bryop_Feather";4,06666666666667;"";"A";"4GA";40;"ME16"
"121";"87";"CPRS";"CoupePRS3";"CPRS4";"CPRS4P1";"CT4P1 M";"M";1,5;4,5;197,7;46,5;7,2;39,3;0,764795144;1012,5;0,47349;4,5;0,0388148148148148;0,0183784266666667;8,270292;14;9;37,3027093670319;24,980132;44;44;27,6;100;14,06793103;30,5;-30,5;0;-15,25;NA;19,38965365;"Bryop_Feather";4,06666666666667;"";"A";"4GA";40;"ME16"
"122";"88";"CPRS";"CoupePRS3";"CPRS4";"CPRS4P1";"CT4P1 H";"H";6;3;273,1;84,3;0,2;83,7;0,69132186;675;0,24274;3;0,124592592592593;0,0302436059259259;9,07308177777778;14;9;37,3027093670319;24,980132;44;44;27,6;100;14,06793103;30,5;-30,5;0;-15,25;NA;19,38965365;"Bryop_Feather";4,06666666666667;"";"A";"4GA";40;"ME16"
"123";"89";"CPRS";"CoupePRS3";"CPRS4";"CPRS4P1";"CT4P1 Min";"Min";14;5;128,3;89,41124;0;89,41124;0,303108028;98,125;0,027047;5;0,911197350318471;0,0246451547340637;12,3225773670318;14;9;37,3027093670319;24,980132;44;44;27,6;100;14,06793103;30,5;-30,5;0;-15,25;NA;19,38965365;"Bryop_Feather";4,06666666666667;"";"A";"4GA";40;"ME16"
"124";"90";"CPRS";"CoupePRS3";"CPRS4";"CPRS4P2";"CT4P2 F";"F";15;13;1446,5;164;14,3;152;0,886622883;2925;0,47634;28;0,0511794871794872;0,0243788369230769;68,2607433846154;103;98;374,369019913986;364,367605391693;59;59;45,5;100;14,06793103;35;-35;-7,5;-21,25;NA;24,00835455;"Bryop_Feather";4,06666666666667;"";"A";"4GA";50;"RE37"
"125";"91";"CPRS";"CoupePRS3";"CPRS4";"CPRS4P2";"CT4P2 M";"M";40;11;1633,5;180,1;6,2;204,2;0,889745944;2475;0,49397;44;0,0702626262626263;0,0347076294949495;152,713569777778;103;98;374,369019913986;364,367605391693;59;59;45,5;100;14,06793103;35;-35;-7,5;-21,25;NA;24,00835455;"Bryop_Feather";4,06666666666667;"";"A";"4GA";50;"RE37"
"126";"92";"CPRS";"CoupePRS3";"CPRS4";"CPRS4P2";"CT4P2 H";"H";83;5;99,7;14,9;3,2;12,5;0,850551655;98,125;0,46254;26;0,119235668789809;0,0551512662420382;143,393292229299;103;98;374,369019913986;364,367605391693;59;59;45,5;100;14,06793103;35;-35;-7,5;-21,25;NA;24,00835455;"Bryop_Feather";4,06666666666667;"";"A";"4GA";50;"RE37"
"127";"93";"CPRS";"CoupePRS3";"CPRS4";"CPRS4P2";"CT4P2  Min";"Min";98;5;160,3;121,7;0;121,7;0,240798503;98,125;0,016128;5;1,24025477707006;0,020002829044586;10,001414522293;103;98;374,369019913986;364,367605391693;59;59;45,5;100;14,06793103;35;-35;-7,5;-21,25;NA;24,00835455;"Bryop_Feather";4,06666666666667;"";"A";"4GA";50;"RE37"
"128";"94";"CPRS";"CoupePRS3";"CPRS4";"CPRS4P3";"CT4P3 F";"F";0;3;154,1;28,5;7,3;21,4;0,815055159;675;0,44855;3;0,0314074074074074;0,0140877925925926;4,22633777777778;39;34;103,135148248801;87,7376409876543;43;43;51;98,61;14,06793103;30,5;-30,5;-14,5;-22,5;14,77011494;18,04936472;"Bryop_Feather";4,06666666666667;"";"A";"4GA";50;"RE37"
"129";"95";"CPRS";"CoupePRS3";"CPRS4";"CPRS4P3";"CT4P3 M";"M";10;9;812,2;117;9,5;107,5;0,855946811;2025;0,46109;16;0,0530864197530864;0,0244776172839506;39,164187654321;39;34;103,135148248801;87,7376409876543;43;43;51;98,61;14,06793103;30,5;-30,5;-14,5;-22,5;14,77011494;18,04936472;"Bryop_Feather";4,06666666666667;"";"A";"4GA";50;"RE37"
"130";"96";"CPRS";"CoupePRS3";"CPRS4";"CPRS4P3";"CT4P3 H";"H";19;9;646,1;151,4;5,5;144,5;0,765670949;2025;0,41034;15;0,0720493827160494;0,0295647437037037;44,3471155555556;39;34;103,135148248801;87,7376409876543;43;43;51;98,61;14,06793103;30,5;-30,5;-14,5;-22,5;14,77011494;18,04936472;"Bryop_Feather";4,06666666666667;"";"A";"4GA";50;"RE37"
"131";"97";"CPRS";"CoupePRS3";"CPRS4";"CPRS4P3";"CT4P3 Min";"Min";31;5;157,5;114,8;1,6;113,2;0,271111111;98,125;0,026694;5;1,15363057324841;0,030795014522293;15,3975072611465;39;34;103,135148248801;87,7376409876543;43;43;51;98,61;14,06793103;30,5;-30,5;-14,5;-22,5;14,77011494;18,04936472;"Bryop_Feather";4,06666666666667;"";"A";"4GA";50;"RE37"
"132";"98";"CPRS";"CoupePRS3";"CPRS5";"CPRS5P1";"CT5P1 F";"F";0;15;528,5;110,8;29,4;81,2;0,790350047;3375;0,49271;15;0,0241185185185185;0,0118834352592593;17,8251528888889;112;107;443,074502791224;412,385203428167;44;44;63,95;76,08;14,06793103;34;-34;-9,5;-21,75;NA;17,3613779;"Bryop_Feather";2,9;"";"A";"4GA";50;"RE37"
"133";"99";"CPRS";"CoupePRS3";"CPRS5";"CPRS5P1";"CT5P1 M";"M";30;15;593,7;77;5,7;70,4;0,870304868;3375;0,45091;45;0,0211259259259259;0,00952589125925926;42,8665106666667;112;107;443,074502791224;412,385203428167;44;44;63,95;76,08;14,06793103;34;-34;-9,5;-21,75;NA;17,3613779;"Bryop_Feather";2,9;"";"A";"4GA";50;"RE37"
"134";"100";"CPRS";"CoupePRS3";"CPRS5";"CPRS5P1";"CT5P1 H";"H";45;5;82,2;24,6;0,8;23,7;0,700729927;98,125;0,30851;47;0,242547770700637;0,0748284127388535;351,693539872612;112;107;443,074502791224;412,385203428167;44;44;63,95;76,08;14,06793103;34;-34;-9,5;-21,75;NA;17,3613779;"Bryop_Feather";2,9;"";"A";"4GA";50;"RE37"
"135";"101";"CPRS";"CoupePRS3";"CPRS5";"CPRS5P1";"CT5P1 Min";"Min";92;5;131;91,4;0,9;90,5;0,302290076;98,125;0,06655;5;0,922292993630573;0,0613785987261146;30,6892993630573;112;107;443,074502791224;412,385203428167;44;44;63,95;76,08;14,06793103;34;-34;-9,5;-21,75;NA;17,3613779;"Bryop_Feather";2,9;"";"A";"4GA";50;"RE37"
"136";"102";"CPRS";"CoupePRS3";"CPRS5";"CPRS5P2";"CT5P2 F";"F";0;1,5;95;27,8;4,9;22,7;0,707368421;337,5;0,42568;1,5;0,0678518518518518;0,0288831762962963;4,33247644444444;52,5;47,5;119,92143056334;93,1507931111111;58;58;33,9;18,88;14,06793103;34;-34;-17;-25,5;NA;23,76638187;"Bryop_Feather";1,1;"";"A";"4GA";40;"ME16"
"137";"103";"CPRS";"CoupePRS3";"CPRS5";"CPRS5P2";"CT5P2 M";"M";1,5;8,5;653,9;168,9;11,9;156,4;0,741703624;1912,5;0,43629;8,5;0,0820915032679739;0,0358157019607843;30,4433466666667;52,5;47,5;119,92143056334;93,1507931111111;58;58;33,9;18,88;14,06793103;34;-34;-17;-25,5;NA;23,76638187;"Bryop_Feather";1,1;"";"A";"4GA";40;"ME16"
"138";"104";"CPRS";"CoupePRS3";"CPRS5";"CPRS5P2";"CT5P2 H";"H";10;15;669,2;293,7;0,8;289,7;0,561117753;3375;0,17937;37,5;0,0867851851851852;0,0155666586666667;58,37497;52,5;47,5;119,92143056334;93,1507931111111;58;58;33,9;18,88;14,06793103;34;-34;-17;-25,5;NA;23,76638187;"Bryop_Feather";1,1;"";"A";"4GA";40;"ME16"
"139";"105";"CPRS";"CoupePRS3";"CPRS5";"CPRS5P2";"CT5P2 Min";"Min";46;5;129;94,4;0;94,4;0,268217054;98,125;0,055654;5;0,96203821656051;0,0535412749044586;26,7706374522293;52,5;47,5;119,92143056334;93,1507931111111;58;58;33,9;18,88;14,06793103;34;-34;-17;-25,5;NA;23,76638187;"Bryop_Feather";1,1;"";"A";"4GA";40;"ME16"
"140";"106";"CPRS";"CoupePRS3";"CPRS5";"CPRS5P3";"CT5P3 F";"F";0;6,5;317,1;95,3;34,1;61;0,699463892;1462,5;0,43905;6,5;0,0418461538461538;0,0183725538461538;11,94216;24;19;94,6040242864364;84,4400393650794;45;45;13,76;38,29;14,06793103;18,5;-18,5;-3;-10,75;13,75215517;19,74074074;"Bryop_Feather";1,1;"";"A";"4GA";40;"ME16"
"141";"107";"CPRS";"CoupePRS3";"CPRS5";"CPRS5P3";"CT5P3 M";"M";6,5;3,5;404,7;109,9;10,7;99,2;0,72844082;787,5;0,46042;12,5;0,125968253968254;0,0579983034920635;72,4978793650794;24;19;94,6040242864364;84,4400393650794;45;45;13,76;38,29;14,06793103;18,5;-18,5;-3;-10,75;13,75215517;19,74074074;"Bryop_Feather";1,1;"";"A";"4GA";40;"ME16"
"142";"108";"CPRS";"CoupePRS3";"CPRS5";"CPRS5P3";"CT5P3 Min";"Min";19;5;125,2;100,7;0;100,7;0,195686901;96,1625;0,019412;5;1,0471857532822;0,0203279698427142;10,1639849213571;24;19;94,6040242864364;84,4400393650794;45;45;13,76;38,29;14,06793103;18,5;-18,5;-3;-10,75;13,75215517;19,74074074;"Bryop_Feather";1,1;"";"A";"4GA";40;"ME16"
